id	label	sequence
seq_001	0	CCUCCGGUCCGCGGAUCA
seq_002	0	UUGUCGUGUGCGCGUCAGCU
seq_003	1	GGUAGCUGGGAGUCA
seq_004	0	CUGGACCGGACACUCAAGC
seq_005	0	GGCUUUGAGCCUGCAGUUC
seq_006	1	GCAGCAUUCAU
seq_007	1	CACUUUAAAUUCAACU
seq_008	0	GUCGUGUGGCG
seq_009	1	ACUAUUAUGGAUCGAA
seq_010	1	AACCAUAAUCGAACUACUAC
seq_011	0	UAUCCCUAGUGAGC
seq_012	1	AUUACGCGGGCGUGAUCG
seq_013	0	ACCGUACUAGACGGGC
seq_014	1	UGGACUCCAUGAUGCCCU
seq_015	0	UACAUAUUGAUGGCGAC
seq_016	0	UCGAAUCAGCUGG
seq_017	1	ACGAUGUAGAUAUCCCAGC
seq_018	1	GGGGGGGCGCGGCCC
seq_019	0	AAAUUUUUAC
seq_020	1	CGCCUCGCUCAGAG
seq_021	1	GACGCAUUAUA
seq_022	1	GUAGUCUCACCCCUGAGGGG
seq_023	0	UAGGCCGUUUAAA
seq_024	0	GCCUAACGCCCGCAAGCAU
seq_025	1	ACAAACCGAAGCUUAGG
seq_026	0	ACGUCCCUCUGAUUUACU
seq_027	1	AGAUGUGGACUUCCCCG
seq_028	0	GGUUUUACAGAUGUAAUA
seq_029	1	UUAUGUUGUUAGGUCAG
seq_030	1	AGAAUUUUGCAAUU
seq_031	1	AUUCUUAUGACUUAAGCA
seq_032	0	UAUACGAGUCAUACA
seq_033	0	CAGCAAUGAGA
seq_034	1	AUGCCAGCUCAGCGGAUACA
seq_035	1	CACGUCAGUAUGGG
seq_036	1	CCUGUAUGACAAAGAG
seq_037	1	CACAAUCUCCGAACAG
seq_038	1	AGAGUAGGAACCGC
seq_039	1	GGUUGUGCACAUCC
seq_040	1	CGUAUAGACC
seq_041	1	CUUAAUCCAAU
seq_042	1	UAAUCUUACGCCGUGGUUAC
seq_043	0	GGGUGGCAAC
seq_044	1	UCUUGCUACAGGGGAAUGA
seq_045	0	ACCCAUCUUCG
seq_046	0	UAUGAAGAUAGAUGC
seq_047	0	GGACGUCCUUCGUGGAAUGC
seq_048	1	UCUAACGAUGAAAACACCG
seq_049	1	GAUCGGACACGC
seq_050	1	ACACUCCCAAGGAGACACAU
seq_051	1	GGUAGCCCUCUAC
seq_052	0	AGGGCAAUCUACGUUCU
seq_053	0	AUGACCGGAGGUGGAA
seq_054	0	GAAGCUCCUAUGUGUGGC
seq_055	0	UAACAGGCAGUAUCAUAUC
seq_056	0	CGGGUCAUAAUGGCCGC
seq_057	1	CACCCAAGCCUGCC
seq_058	1	GCCUGGCUCAAUUA
seq_059	1	CCCCUACAGCUGAACC
seq_060	0	CCUCGUAUCUAAU
seq_061	0	GCGUCGUUCUGUA
seq_062	0	AUCGGUGUUGUCCCGA
seq_063	0	AGGCUGCGUU
seq_064	1	GUGCUACGUAGCAUUAGUC
seq_065	0	CAUUCGAUGACCAUAUU
seq_066	0	GCGAGGAAGGUG
seq_067	1	ACGGCUCUGCAUUU
seq_068	1	GAAUGAGAUCUGAGUGGAG
seq_069	0	GCGUCGUGGUUUCGCAUU
seq_070	0	AUCUCGGAUUUCGUUCGUUC
seq_071	0	CAGCUCGACACUGGUUCGAG
seq_072	1	GUGGUACGGCG
seq_073	0	AGCUUCACCUGUGA
seq_074	0	UGACGUCCAC
seq_075	1	UAGACUACUGGAUUCUGCU
seq_076	0	GGCGCCUCGCAAUUC
seq_077	1	ACUAGAUUAUGUCUUA
seq_078	0	UGAUCGGUGGAUCAAUUU
seq_079	0	AAACUACACAGAUCGACACA
seq_080	1	ACGGUCUGAGU
seq_081	0	UGCUGAUAGUU
seq_082	0	GUGUCUUUUU
seq_083	0	GUCAGGAUCUUU
seq_084	0	UCCGGACCCUGCAGUUA
seq_085	1	CGUGCGGUCAAAUAGGUU
seq_086	0	UAGCGGCGACAGUUCUCAG
seq_087	1	UCUGCGUUUGGGUAGGCCG
seq_088	1	GCCGUUAGUACG
seq_089	1	GAGUUCCGACGC
seq_090	1	AACGGCAACCCGCU
seq_091	0	UUGUGAAAUGGUAUCGAGCA
seq_092	1	UCUAUAGGGCGAGAUAUCCC
seq_093	1	ACCUGAUGCCUCCAGG
seq_094	1	UCCAGCUGGU
seq_095	1	CGGAAUAUUCC
seq_096	1	GAUAGCCAGC
seq_097	0	UCUAAGAGCUCGC
seq_098	1	CCCUGCCUAAAAGA
seq_099	0	GUUCAUCUACC
seq_100	0	GAGUGCCCAGCCA
